MAE,RMSE,R2,Acc_rounded,Within1
0.5974260018121857,0.9225989639137494,0.5493302162248033,0.6105990783410138,0.8832565284178188
